Context,ScarLength,Length,CortexPerc,Thickness,Width,CortexLoc,CoreType,ScarNumber,Weight,PlatformType,Platforms,BlankType,CoreSection
VB B,31.27,31.5,25-75%,15.26,51.72,,Simple,2,34,Cortical,1 Platform,Flakes,Irregular
VB B,19.04,24.8,25-75%,10.6,37.19,,Simple,3,10,Cortical,1 Platform,Flakes,Quadrangular
VALM,23.36,28.01,25-75%,35.47,38.44,,Simple,4,50,Cortical,1 Platform,Flakes,Irregular
VB C,15.15,22.93,25-75%,19.47,30.85,,Simple,1,18,Cortical,1 Platform,Flakes,Irregular
VB C,12.54,17.74,<25%,34.26,37.73,,Simple,2,25,Dihedral,1 Platform,Flakes,Irregular
VB B,18.5,27.99,<25%,17.45,30.15,,Simple,2,17,Dihedral,1 Platform,Flakes,Irregular
VB B,33.59,33.46,<25%,12.82,22.45,,Simple,4,12,Dihedral,1 Platform,Mixed,Irregular
VB B,10.44,12.19,0%,23.51,34.89,,Simple,2,8,Plain,1 Platform,Flakes,Quadrangular
VALM,25.34,28.49,25-75%,13.92,52.43,,Simple,3,19,Plain,1 Platform,Flakes,Irregular
AMB IV,12.02,17.86,0%,16.95,31.66,,Simple,2,10,Plain,1 Platform,Flakes,Irregular
VALM,20.04,23.75,<25%,11.65,41.83,,Simple,3,16,Plain,1 Platform,Flakes,Quadrangular
VB A,15.51,23.65,<25%,20.11,40.78,,Simple,2,18,Plain,1 Platform,Flakes,Irregular
VALM,17.48,19.13,<25%,16.41,29.88,,Simple,3,15,Plain,1 Platform,Flakes,Quadrangular
VALM,20.4,24.34,25-75%,14.31,37.84,,Simple,2,16,Plain,1 Platform,Flakes,Irregular
PAP 4'00-4'75,20.63,21.65,<25%,23.76,33.57,,Simple,4,17,Plain,1 Platform,Flakes,Irregular
VB B,11.92,17.37,<25%,12.66,26.04,,Simple,2,8,Plain,1 Platform,Flakes,Quadrangular
VB C,21.59,27.92,>75%,27.43,40.92,,Simple,1,39,Plain,1 Platform,Flakes,Circular
VB B,29.59,40.53,<25%,28.59,57.39,,Simple,2,80,Plain,1 Platform,Flakes,Triangular
PAP 4'75-5'25,9.53,14.06,25-75%,13.67,19.7,,Simple,2,4,Plain,1 Platform,Flakes,Irregular
VALM,17.6,29.62,25-75%,19.78,38.86,,Simple,2,22,Plain,1 Platform,Flakes,Irregular
VALM,27.52,33.7,25-75%,31.74,43.65,,Simple,2,68,Plain,1 Platform,Flakes,Irregular
PAP 5'25-6'25,20.67,25.4,25-75%,13.69,32.42,,Simple,3,11,Plain,1 Platform,Flakes,Irregular
VB A,32.52,32.35,25-75%,24.8,40.03,,Simple,2,41,Plain,1 Platform,Flakes,Irregular
VB B,10.02,30.39,25-75%,14.01,37.57,,Simple,2,13,Plain,1 Platform,Flakes,Triangular
PAP 5'25-6'25,17.69,33.37,25-75%,14.32,40.23,Distal,Simple,4,19,Plain,1 Platform,Flakes,Triangular
PAP 4'00-4'75,18.58,21.32,25-75%,17.39,24.91,,Simple,2,12,Plain,1 Platform,Flakes,Quadrangular
AMB VI,27.58,29.44,<25%,22.65,34.1,,Simple,2,29,Plain,1 Platform,Flakes,Irregular
VB A,22.88,23.82,<25%,25.03,27.38,,Simple,2,1,Plain,1 Platform,Flakes,Irregular
VB B,21.03,22.71,<25%,13.04,26.04,,Simple,3,9,Plain,1 Platform,Mixed,Irregular
VALM,34.8,35.84,<25%,18.63,40.04,,Simple,1,18,Plain,1 Platform,Flakes,Triangular
VB B,26.6,27.9,0%,16.76,30.62,,Simple,2,15,Plain,1 Platform,Flakes,Quadrangular
VALM,18.56,24.03,25-75%,18.09,25.72,,Simple,3,16,Plain,1 Platform,Flakes,Quadrangular
VALM,39.59,38.74,25-75%,23.72,41.32,,Simple,3,40,Plain,1 Platform,Mixed,Quadrangular
VB B,19.88,27.31,25-75%,32.63,29.11,,Simple,1,35,Plain,1 Platform,Flakes,Quadrangular
VB C,23.37,32.96,<25%,28.51,34.06,,Simple,3,35,Plain,1 Platform,Flakes,Irregular
VB B,28.09,28.28,25-75%,18.46,28.74,,Simple,3,16,Plain,1 Platform,Flakes,Irregular
PAP 4'00-4'75,20.14,35.08,25-75%,16.98,35.61,,Simple,1,20,Plain,1 Platform,Bladelets,Irregular
VB B,23.42,24.36,<25%,11.51,23.17,,Simple,2,8,Plain,1 Platform,Bladelets,Irregular
PAP 4'00-4'75,21.99,26.05,25-75%,11.43,24.72,,Simple,3,10,Plain,1 Platform,Bladelets,Quadrangular
VB A,17.64,30.43,25-75%,14.31,28.4,,Simple,3,12,Plain,1 Platform,Flakes,Quadrangular
PAP 5'25-6'25,21.9,24.82,25-75%,29.02,22.13,Distal,Simple,2,23,Plain,1 Platform,Flakes,Quadrangular
VB B,15.61,17.16,0%,20.05,14.92,,Simple,3,6,Plain,1 Platform,Bladelets,Triangular
PAP 4'75-5'25,22.14,28.95,25-75%,21.98,24.89,,Simple,1,20,Plain,1 Platform,Flakes,Circular
VB B,24.12,25.08,<25%,14.06,21.55,,Simple,1,9,Plain,1 Platform,Flakes,Quadrangular
VB C,24.24,36.38,>75%,11.01,30.86,,Simple,1,18,Plain,1 Platform,Flakes,Quadrangular
VB B,22.63,40.85,25-75%,24.95,34.6,,Simple,2,34,Plain,1 Platform,Flakes,Triangular
VB B,17.64,37.48,0%,17.82,31.56,,Simple,1,28,Plain,1 Platform,Flakes,Irregular
AMB II,41.77,43.24,<25%,19.41,35.91,,Simple,3,34,Plain,1 Platform,Flakes,Irregular
PAP 4'00-4'75,25.35,25.61,>75%,20.94,20.87,,Simple,1,14,Plain,1 Platform,Flakes,Quadrangular
PAP 5'25-6'25,28.85,34.79,25-75%,21.48,28.33,,Simple,4,25,Plain,1 Platform,Bladelets,Quadrangular
PAP 5'25-6'25,18.1,28.67,<25%,22.84,23.22,Distal,Simple,3,17,Plain,1 Platform,Flakes,Quadrangular
VB B,17.38,30.07,<25%,11.93,24.14,,Simple,5,8,Plain,1 Platform,Flakes,Quadrangular
VB B,38.96,38.97,25-75%,22.77,31.21,,Simple,2,25,Plain,1 Platform,Blades,Triangular
VB B,36.11,50.22,<25%,17.16,39.87,,Simple,3,33,Plain,1 Platform,Flakes,Triangular
VB B,15.31,35.3,25-75%,16.97,26.43,,Simple,1,13,Plain,1 Platform,Flakes,Quadrangular
VB C,40.05,39.89,25-75%,13.17,29.7,,Simple,4,20,Plain,1 Platform,Mixed,Quadrangular
VB C,28.66,34,0%,11.44,24.11,,Simple,2,12,Plain,1 Platform,Mixed,Irregular
PAP 4'00-4'75,28.8,32.86,25-75%,12.36,23.07,,Simple,2,10,Plain,1 Platform,Mixed,Triangular
PAP 4'75-5'25,27.17,28.64,0%,12.33,19.87,,Simple,1,8,Plain,1 Platform,Flakes,Irregular
VB B,23.5,32.54,0%,36.14,22.05,,Simple,2,34,Plain,1 Platform,Flakes,Quadrangular
VB B,25.89,31.63,25-75%,12.96,20.78,,Simple,1,10,Plain,1 Platform,Flakes,Irregular
PAP 4'00-4'75,19.03,21.44,0%,13.94,13.78,,Simple,3, ,Plain,1 Platform,Bladelets,Irregular
VALM,27.97,32.78,<25%,13.34,18.48,,Simple,2, ,Plain,1 Platform,Flakes,Irregular
VB B,20.09,20.09,0%,14.41,10.73,,Simple,1, ,Plain,1 Platform,Bladelets,Triangular
PAP 4'00-4'75,25.61,25.73,<25%,11.81,13.43,,Simple,1,7,Plain,1 Platform,Bladelets,Irregular
AMB IV,58.08,61.91,25-75%,35.78,23.42,,Simple,3,61,Plain,1 Platform,Blades,Irregular
PAP 4'00-4'75,21.53,29.67,25-75%,27.73,33.2,,Simple,1,37,Faceted,1 Platform,Flakes,Circular
PAP 4'75-5'25,18.29,20.1,<25%,21.36,13.46,,Simple,1,8,Faceted,1 Platform,Flakes,Quadrangular
PAP 4'00-4'75,21.74,24.74,0%,18.37,9.73,,Simple,1,7,Faceted,1 Platform,Bladelets,Triangular
VB B,16.35,25.15,<25%,12.67,26.75,,Simple,2,8,Other,1 Platform,Flakes,Irregular
VB B,31.8,33.58,25-75%,17.08,35.34,,Simple,2,24,Other,1 Platform,Flakes,Quadrangular
PAP 4'00-4'75,22.31,24.24,0%,14.12,24.41,,Simple,3,10,Other,1 Platform,Flakes,Irregular
VB B,16.39,24.23,25-75%,43.69,39.75,,Prismatic,4,49,Cortical,1 Platform,Mixed,Triangular
AMB IV,29.74,34.91,25-75%,39.86,21.86,,Prismatic,3,42,Cortical,1 Platform,Mixed,Triangular
PAP 4'00-4'75,23.06,30.35,<25%,17.95,22.22,,Prismatic,5,13,Crushed,1 Platform,Mixed,Irregular
VB C,27.43,27.02,<25%,17.82, ,,Prismatic,3,9,Plain,1 Platform,Flakes,Irregular
AMB VI, , ,<25%,39.08,71.87,,Prismatic,3, ,Plain,1 Platform,Flakes,Irregular
VB B,8.88,15.93,25-75%,22.86,34.33,,Prismatic,5,10,Plain,1 Platform,Flakes,Triangular
AMB II,16.22,15.48,25-75%,11.59,26.32,,Prismatic,6, ,Plain,1 Platform,Bladelets,Quadrangular
VALM,33.31,27.21,<25%,17.88,45.89,,Prismatic,5,30,Plain,1 Platform,Mixed,Triangular
PAP 4'75-5'25,19.9,15.37,0%,16.24,25.32,,Prismatic,3,8,Plain,1 Platform,Flakes,Irregular
VALM,17.63,25.47,<25%,25.35,41.86,,Prismatic,4,36,Plain,1 Platform,Flakes,Irregular
VALM,21.45,19.64,<25%,15.52,31.82,,Prismatic,4,13,Plain,1 Platform,Bladelets,Triangular
VALM,10.43,17.85,0%,14.36,27.06,,Prismatic,5,20,Plain,1 Platform,Flakes,Quadrangular
PAP 4'75-5'25,12.45,11.66,0%,9.24,17.5,,Prismatic,4,3,Plain,1 Platform,Bladelets,Irregular
VALM,29.31,27.2,25-75%,27.18,37.36,,Prismatic,4,32,Plain,1 Platform,Flakes,Irregular
VALM,32.54,35.83,25-75%,26.57,48.49,,Prismatic,4,42,Plain,1 Platform,Mixed,Irregular
AMB VI,17.03,23.03,25-75%,17.48,29.06,,Prismatic,4,13,Plain,1 Platform,Flakes,Quadrangular
VB C,26.91,25.82,<25%,17.4,32.09,,Prismatic,3,10,Plain,1 Platform,Bladelets,Triangular
VB C,27.56,21.94,0%,19.08,26.91,,Prismatic,5,15,Plain,1 Platform,Mixed,Irregular
VB C,24.53,23.65,25-75%,20.19,28.77,,Prismatic,4,16,Plain,1 Platform,Mixed,Triangular
VB C,24.51,21.23,0%,12.18,24.62,,Prismatic,3,7,Plain,1 Platform,Bladelets,Irregular
VB B,16.85,17.03,<25%,17.18,19.52,,Prismatic,3,6,Plain,1 Platform,Bladelets,Triangular
PAP 4'00-4'75,23.52,23.48,25-75%,12.35,25.71,,Prismatic,6,8,Plain,1 Platform,Bladelets,Irregular
VALM,31.19,31.6,25-75%,12.78,33.39,,Prismatic,4,16,Plain,1 Platform,Bladelets,Quadrangular
PAP 4'00-4'75,11,19.13,0%,14.05,20.08,,Prismatic,2, ,Plain,1 Platform,Flakes,Irregular
AMB IV,17.65,16.63,0%,21.4,17.39,,Prismatic,4,8,Plain,1 Platform,Bladelets,Circular
VB C,36.61,36.61,25-75%,29.22,38.17,,Prismatic,6,57,Plain,1 Platform,Blades,Irregular
PAP 4'00-4'75,17.84,19.24,25-75%,14.04,19.95,,Prismatic,3,7,Plain,1 Platform,Bladelets,Irregular
PAP 4'00-4'75,19.27,20.82,25-75%,8.44,21.58,,Prismatic,7, ,Plain,1 Platform,Bladelets,Quadrangular
PAP 4'00-4'75,29.72,31.92,>75%,24.3,31.91,,Prismatic,3,25,Plain,1 Platform,Mixed,Triangular
VB A,33.07,38.15,0%,10.59,37.86,,Prismatic,4,10,Plain,1 Platform,Mixed,Quadrangular
VB A,26.11,36.99,25-75%,20.73,36.32,,Prismatic,1,27,Plain,1 Platform,Flakes,Quadrangular
PAP 4'00-4'75,19.87,25.85,>75%,15.92,25,,Prismatic,3,15,Plain,1 Platform,Flakes,Quadrangular
PAP 4'00-4'75,28.23,24.61,25-75%,12.16,23.63,,Prismatic,5,8,Plain,1 Platform,Bladelets,Quadrangular
VB C,22.69,23.83,<25%,26.33,22.74,,Prismatic,3,21,Plain,1 Platform,Bladelets,Quadrangular
PAP 4'00-4'75,38.48,34.35,25-75%,21.35,32.66,,Prismatic,5,34,Plain,1 Platform,Blades,Quadrangular
AMB VI,41.83,39.29,25-75%,29.35,37.16,,Prismatic,6,53,Plain,1 Platform,Blades,Irregular
PAP 4'00-4'75,19.82,21.5,25-75%,13.81,19.73,,Prismatic,5,7,Plain,1 Platform,Bladelets,Triangular
AMB IV,34.59,36.46,<25%,26.41,33.1,,Prismatic,4,36,Plain,1 Platform,Mixed,Triangular
PAP 4'00-4'75,22.33,21.43,<25%,7.77,19.27,,Prismatic,3,4,Plain,1 Platform,Bladelets,Quadrangular
PAP 4'00-4'75,13.28,17.95,0%,14.06,15.78,,Prismatic,5, ,Plain,1 Platform,Bladelets,Circular
PAP 4'00-4'75,31.18,35.93,25-75%,15.99,31.2,,Prismatic,4,25,Plain,1 Platform,Mixed,Quadrangular
PAP 4'00-4'75,24.54,26.04,0%,11.48,22.4,,Prismatic,4,6,Plain,1 Platform,Bladelets,Triangular
VB A,35.1,36.14,<25%,25.1,31.01,,Prismatic,7,34,Plain,1 Platform,Mixed,Circular
PAP 4'00-4'75,23.04,25.63,25-75%,18.51,21.97,,Prismatic,5,13,Plain,1 Platform,Bladelets,Irregular
PAP 4'75-5'25,14.96,18.48,0%,31.02,15.68,,Prismatic,4,11,Plain,1 Platform,Bladelets,Triangular
VB B,36.34,39.59,>75%,26.16,33.11,,Prismatic,2,34,Plain,1 Platform,Blades,Triangular
PAP 4'00-4'75,20.2,23.56,<25%,12.25,19.18,,Prismatic,5,8,Plain,1 Platform,Bladelets,Quadrangular
VB C,33.61,37.46,<25%,28.14,30.27,,Prismatic,5,36,Plain,1 Platform,Mixed,Quadrangular
PAP 4'00-4'75,26.49,26.36,<25%,19.84,20.91,,Prismatic,5,12,Plain,1 Platform,Bladelets,Circular
VB C,18.84,18.83,<25%,14.97,14.68,,Prismatic,4, ,Plain,1 Platform,Bladelets,Triangular
PAP 4'00-4'75,38.9,35.66,25-75%,13.12,27.2,,Prismatic,4,16,Plain,1 Platform,Blades,Irregular
VB C,23.93,35.36,0%,13.47,26.77,,Prismatic,4,14,Plain,1 Platform,Flakes,Irregular
PAP 4'00-4'75,17.61,19.47,25-75%,10.66,14.71,,Prismatic,5, ,Plain,1 Platform,Bladelets,Irregular
VB C,25.02,35.21,25-75%,15.76,26.35,,Prismatic,1,13,Plain,1 Platform,Flakes,Triangular
PAP 4'00-4'75,27.07,26.81,25-75%,18.04,19.55,,Prismatic,3,10,Plain,1 Platform,Bladelets,Irregular
PAP 4'00-4'75,22.37,22.97,<25%,9.46,16.56,,Prismatic,5,3,Plain,1 Platform,Bladelets,Irregular
VB C,25.37,26.02,25-75%,13.66,17.75,,Prismatic,2,9,Plain,1 Platform,Bladelets,Irregular
PAP 4'00-4'75,32.66,34.35,25-75%,16.49,23.17,,Prismatic,5,17,Plain,1 Platform,Mixed,Triangular
AMB VI,32.99,33.88,<25%,13.27,22.49,,Prismatic,6,11,Plain,1 Platform,Bladelets,Triangular
VALM,20.52,21.74,0%,16.12,14.29,,Prismatic,6,7,Plain,1 Platform,Bladelets,Irregular
VB C,25.21,36.12,<25%,22.28,23.71,,Prismatic,5,28,Plain,1 Platform,Mixed,Quadrangular
VB C,39.27,36.81,0%,12.25,24.04,,Prismatic,4,13,Plain,1 Platform,Mixed,Quadrangular
PAP 4'00-4'75,22.16,25.33,25-75%,10.4,15.82,,Prismatic,4, ,Plain,1 Platform,Bladelets,Triangular
PAP 4'00-4'75,20.14,24.82,0%,10.94,14.57,,Prismatic,0,6,Plain,1 Platform,Bladelets,Irregular
PAP 4'00-4'75,32.4,30.95,0%,12.53,18.04,,Prismatic,5,10,Plain,1 Platform,Blades,Irregular
PAP 4'00-4'75,22.41,22.43,0%,10.51,11.89,,Prismatic,3, ,Plain,1 Platform,Bladelets,Quadrangular
PAP 4'00-4'75,18.92,19.61,25-75%,12.21,10.14,,Prismatic,5, ,Plain,1 Platform,Bladelets,Irregular
PAP 5'25-6'25,22.3,30.21,25-75%,16.47,15.56,Distal,Prismatic,4,11,Plain,1 Platform,Bladelets,Quadrangular
VB B,34.57,34.42,<25%,16.47,17.72,,Prismatic,8,16,Plain,1 Platform,Bladelets,Irregular
PAP 4'00-4'75,20.88,20.56,<25%,13.6,10.48,,Prismatic,3,4,Plain,1 Platform,Bladelets,Quadrangular
PAP 4'00-4'75,24.01,26.72,<25%,10.01,13.47,,Prismatic,5,6,Plain,1 Platform,Bladelets,Quadrangular
PAP 4'00-4'75,20.94,24.81,<25%,15.12,12.48,,Prismatic,0,7,Plain,1 Platform,Bladelets,Quadrangular
VB B,36.79,36.68,0%,13.89,18.11,,Prismatic,5,7,Plain,1 Platform,Bladelets,Quadrangular
VB B,22.89,40.98,<25%,27.62,20.11,,Prismatic,1,39,Plain,1 Platform,Flakes,Quadrangular
PAP 4'00-4'75,41.95,49.24,25-75%,34.21,19.58,,Prismatic,4,38,Plain,1 Platform,Blades,Quadrangular
PAP 4'00-4'75,23.24,25.66,<25%,14.72,8.75,,Prismatic,4, ,Plain,1 Platform,Bladelets,Triangular
PAP 4'00-4'75,29.17,25.34,<25%,19.46,26.34,,Piramidal,6,14,Plain,1 Platform,Bladelets,Triangular
PAP 4'00-4'75,21.01,20.84,<25%,13.33,19.21,,Piramidal,5,6,Plain,1 Platform,Bladelets,Quadrangular
VALM,28.26,28.35,<25%,28.17,14.48,,Piramidal,4,13,Plain,1 Platform,Bladelets,Triangular
VALM,60.92,59.61,25-75%,39.73,30.25,,Piramidal,4,103,Plain,1 Platform,Blades,Quadrangular
PAP 4'75-5'25,19.19,26.47,25-75%,22.16,34.83,,Prismatic,3,23,Faceted,1 Platform,Flakes,Circular
AMB VI,27.56,25.84,0%,25.52,28.58,,Prismatic,4,14,Faceted,1 Platform,Bladelets,Quadrangular
AMB VI,23.11,29.76,25-75%,29.59,28.22,,Prismatic,4,29,Faceted,1 Platform,Flakes,Quadrangular
PAP 4'00-4'75,26.55,33.81,25-75%,18.43,24.91,,Prismatic,5,20,Faceted,1 Platform,Bladelets,Quadrangular
VB C,45.83,50.65,25-75%,18.93,36.16,,Prismatic,9,40,Faceted,1 Platform,Mixed,Quadrangular
AMB VI,36.7,51.75,0%,31.2,36.47,,Prismatic,5,75,Faceted,1 Platform,Mixed,Quadrangular
AMB II,27.58,34.2,<25%,18.1,21.41,,Prismatic,3,13,Faceted,1 Platform,Bladelets,Quadrangular
PAP 4'00-4'75,31.9,32.99,0%,9.25,20.35,,Prismatic,4,10,Faceted,1 Platform,Bladelets,Irregular
PAP 5'25-6'25,25.56,29.92,0%,32.66,15.55,,Prismatic,3,23,Faceted,1 Platform,Bladelets,Quadrangular
AMB VI,20.52,19.44,0%,19.99,21.48,,Piramidal,9,10,Faceted,1 Platform,Bladelets,Circular
PAP 4'00-4'75,32.12,38.09,25-75%,22.43,41.95,,Prismatic,4,45,Other,1 Platform,Flakes,Triangular
PAP 4'00-4'75,27.13,29.04,<25%,17.74,22.25,,Prismatic,5,14,Other,1 Platform,Bladelets,Irregular
PAP 4'00-4'75,25.55,27.63,<25%,7.66,15.7,,Prismatic,5, ,Other,1 Platform,Bladelets,Irregular
VALM,17.4,22.21,25-75%,19.7,47.7,,Simple,5,28,Cortical,2 isolated platforms,Flakes,Quadrangular
VB B,17.65,20.1,<25%,8.49,12.99,,Simple,5,2,Cortical,2 isolated platforms,Mixed,Quadrangular
VB B,10.81,16.4,25-75%,31.96,32.93,,Simple,4,12,Plain,2 isolated platforms,Flakes,Irregular
VB B,14.94,20.22,0%,8.03,34.84,,Simple,3,7,Plain,2 isolated platforms,Flakes,Quadrangular
VB B,23.61,25.61,0%,22.29,39.12,,Simple,3,21,Plain,2 isolated platforms,Mixed,Irregular
VALM,23.34,25.22,<25%,26.47,37.49,,Simple,7,25,Plain,2 isolated platforms,Flakes,Quadrangular
PAP 5'25-6'25,17.23,21.37,25-75%,20.14,31.47,,Simple,2,18,Plain,2 isolated platforms,Flakes,Quadrangular
VALM,25.92,24.59,25-75%,23.55,32.2,,Simple,4,22,Plain,2 isolated platforms,Mixed,Irregular
VALM,16.35,25.26,<25%,12.51,30.46,,Simple,4,12,Plain,2 isolated platforms,Flakes,Irregular
PAP 4'00-4'75,20.25,20.4,<25%,14.12,22.77,,Simple,4,6,Plain,2 isolated platforms,Mixed,Irregular
VB B,29.02,35.83,<25%,19.56,37.07,,Simple,1,20,Plain,2 isolated platforms,Mixed,Triangular
VALM,27.16,44.89,<25%,26.82,40.04,,Simple,3,38,Plain,2 isolated platforms,Flakes,Irregular
VALM,24.67,48.63,<25%,29.68,40.59,,Simple,3,51,Plain,2 isolated platforms,Flakes,Irregular
PAP 4'00-4'75,16.81,18.27,0%,20.4,15.08,,Simple,5,7,Plain,2 isolated platforms,Bladelets,Irregular
PAP 4'00-4'75,21.05,22.48,<25%,22.53,16.58,,Simple,3,10,Plain,2 isolated platforms,Bladelets,Irregular
VB C,22.98,53.12,<25%,24.85,29.99,,Simple,2,49,Plain,2 isolated platforms,Flakes,Quadrangular
VB B,27,27.22,<25%,27.88,45.36,,Simple,2,44,Other,2 isolated platforms,Flakes,Quadrangular
VALM,10.87,11.56,<25%,16.22,30.38,,Prismatic,8,11,Cortical,2 isolated platforms,Mixed,Quadrangular
VB A,26.33,32,<25%,19.58,32.41,,Prismatic,7,23,Crushed,2 isolated platforms,Mixed,Triangular
VB B,18.43,18.76,0%,16.85,27.85,,Prismatic,3,9,Plain,2 isolated platforms,Bladelets,Quadrangular
VB A,20,17.95,0%,16.33,25.42,,Prismatic,8,7,Plain,2 isolated platforms,Mixed,Quadrangular
VB B,17.35,24.82,25-75%,31.96,33.2,,Prismatic,7,25,Plain,2 isolated platforms,Flakes,Quadrangular
PAP 4'75-5'25,14.29,23.62,0%,14.82,26.36,,Prismatic,5,13,Plain,2 isolated platforms,Flakes,Quadrangular
VB A,22.25,27.78,0%,18.51,27.55,,Prismatic,5,21,Plain,2 isolated platforms,Flakes,Quadrangular
VALM,23.51,42.69,25-75%,20.19,32.81,,Prismatic,8,30,Plain,2 isolated platforms,Mixed,Irregular
VALM,26.85,48.59,25-75%,31.33,36.88,,Prismatic,4,72,Plain,2 isolated platforms,Flakes,Quadrangular
VB A,19.76,28.4,0%,25.35,19.05,,Prismatic,6,18,Plain,2 isolated platforms,Mixed,Quadrangular
AMB IV,43.73,47.52,0%,14.91,28.46,,Prismatic,4,25,Plain,2 isolated platforms,Blades,Quadrangular
VB A,22,19.82,0%,14.05,23.43,,Prismatic,5,1,Faceted,2 isolated platforms,Mixed,Quadrangular
PAP 4'00-4'75,22.41,24.06,25-75%,9.37,23.3,,Prismatic,3, ,Faceted,2 isolated platforms,Bladelets,Triangular
VALM,12.44,29.62,>75%,17.99,74.47,,Simple,9,39,Cortical,2 oposed platforms,Flakes,Irregular
PAP 5'25-6'25,22.91,24.31,25-75%,15.7,30.46,,Simple,5,13,Cortical,2 oposed platforms,Flakes,Quadrangular
VB A,18.17,29.14,25-75%,20.88,32.53,,Simple,3,1,Cortical,2 oposed platforms,Flakes,Quadrangular
PAP 4'00-4'75,28.57,29.48,>75%,19.03,15.63,,Simple,3,16,Cortical,2 oposed platforms,Bladelets,Quadrangular
PAP 4'00-4'75,21.51,23.43,0%,15.15,21.73,,Simple,4,9,Crushed,2 oposed platforms,Mixed,Irregular
PAP 5'25-6'25,15.34,26.7,<25%,12.18,30.99,,Simple,3,13,Plain,2 oposed platforms,Bladelets,Triangular
VALM,20.91,51.43,0%,24.36,56.68,,Simple,3,65,Plain,2 oposed platforms,Flakes,Quadrangular
PAP 4'00-4'75,30.97,41.09,25-75%,32.09,44.31,,Simple,5,57,Plain,2 oposed platforms,Flakes,Irregular
VALM,23.52,37.54,25-75%,28.51,39.3,,Simple,3,61,Plain,2 oposed platforms,Flakes,Irregular
PAP 4'00-4'75,16.35,20.87,<25%,15.87,21.73,,Simple,6,8,Plain,2 oposed platforms,Bladelets,Irregular
VB B,31.04,31.69,25-75%,17.64,32.23,,Simple,4,19,Plain,2 oposed platforms,Flakes,Triangular
PAP 5'25-6'25,34.36,34.37,<25%,19.7,34.73,,Simple,3,15,Plain,2 oposed platforms,Flakes,Irregular
VB B,25.82,33.89,25-75%,15.53,33.91,,Simple,4,17,Plain,2 oposed platforms,Mixed,Quadrangular
PAP 4'00-4'75,32.65,33.44,25-75%,17.87,27.34,,Simple,5,9,Plain,2 oposed platforms,Mixed,Irregular
PAP 4'00-4'75,42.96,42.62,25-75%,29.14,34.74,,Simple,4,44,Plain,2 oposed platforms,Mixed,Irregular
PAP 4'00-4'75,22.01,25.75,<25%,15.1,20.01,,Simple,4,8,Plain,2 oposed platforms,Mixed,Irregular
PAP 4'00-4'75,23.12,22.4,25-75%,16.96,15.67,,Simple,5,7,Plain,2 oposed platforms,Bladelets,Circular
PAP 4'00-4'75,32.34,33.25,25-75%,16.7,19.84,,Simple,5,14,Plain,2 oposed platforms,Bladelets,Quadrangular
PAP 4'00-4'75,31.23,30.8,25-75%,11.28,17.44,,Simple,3,9,Plain,2 oposed platforms,Bladelets,Quadrangular
VALM,43.36,38.26,25-75%,12.83,39.11,,Simple,5,24,Faceted,2 oposed platforms,Mixed,Quadrangular
VB C,16.06,16.17,>75%,33.59,28.14,,Prismatic,7,24,Cortical,2 oposed platforms,Bladelets,Irregular
VALM,18.06,32.91,<25%,17.2,34.98,,Prismatic,9,27,Cortical,2 oposed platforms,Mixed,Quadrangular
PAP 4'00-4'75,23.82,23.86,25-75%,10.01,24.49,,Prismatic,6,6,Cortical,2 oposed platforms,Bladelets,Quadrangular
PAP 4'00-4'75,26.17,24.95,<25%,12.99,23.77,,Prismatic,5,8,Cortical,2 oposed platforms,Bladelets,Quadrangular
VB C,26.81,39.41,<25%,12.61,32.07,,Prismatic,5,16,Cortical,2 oposed platforms,Flakes,Irregular
PAP 4'00-4'75,20.07,19.39,0%,12.6,19.73,,Prismatic,6, ,Dihedral,2 oposed platforms,Bladelets,Triangular
PAP 4'00-4'75,33.1,33.31,<25%,20.27,27.02,,Prismatic,4,21,Dihedral,2 oposed platforms,Bladelets,Irregular
PAP 4'00-4'75,33.86,32.22,<25%,21.6,25.56,,Prismatic,8,23,Crushed,2 oposed platforms,Bladelets,Irregular
PAP 4'00-4'75,41.68,40.12,<25%,19.84, ,,Prismatic,7,12,Plain,2 oposed platforms,Mixed,Irregular
VB A,16.6,20.05,<25%,27.02,37.04,,Prismatic,3,25,Plain,2 oposed platforms,Flakes,Irregular
VALM,23.02,24.32,25-75%,15.49,44.01,,Prismatic,5,20,Plain,2 oposed platforms,Mixed,Irregular
AMB II,44.01,41.51,25-75%,39.13,52.52,,Prismatic,7,107,Plain,2 oposed platforms,Blades,Quadrangular
PAP 4'75-5'25,18.89,19.15,0%,21.1,23.89,,Prismatic,6,14,Plain,2 oposed platforms,Bladelets,Circular
VB A,24.72,34.35,0%,31.69,39.34,,Prismatic,6,46,Plain,2 oposed platforms,Mixed,Triangular
AMB VI,29.62,30.65,25-75%,19.67,35.05,,Prismatic,6,25,Plain,2 oposed platforms,Mixed,Triangular
AMB IV,25.81,31.62,0%,20.54,35.12,,Prismatic,7,30,Plain,2 oposed platforms,Bladelets,Triangular
PAP 4'00-4'75,23.36,27.03,<25%,9.26,28.57,,Prismatic,5,10,Plain,2 oposed platforms,Bladelets,Irregular
VB C,25.67,31.14,0%,21.33,32.71,,Prismatic,4,27,Plain,2 oposed platforms,Flakes,Irregular
PAP 4'00-4'75,14.08,19.23,<25%,13.21,20,,Prismatic,6, ,Plain,2 oposed platforms,Bladelets,Irregular
PAP 4'00-4'75,18.54,21.13,<25%,14.27,21.62,,Prismatic,4,10,Plain,2 oposed platforms,Bladelets,Irregular
VALM,45.91,46.95,<25%,17.29,47.62,,Prismatic,6,41,Plain,2 oposed platforms,Mixed,Quadrangular
PAP 4'00-4'75,18.84,26.41,<25%,15.5,26.54,,Prismatic,5,12,Plain,2 oposed platforms,Bladelets,Irregular
PAP 4'00-4'75,24.64,27.44,25-75%,17.18,27.28,,Prismatic,6,16,Plain,2 oposed platforms,Bladelets,Irregular
VB B,24.98,25.36,0%,18.24,25.19,,Prismatic,5,11,Plain,2 oposed platforms,Mixed,Irregular
PAP 4'00-4'75,25,29.01,25-75%,23.39,28.49,,Prismatic,8,23,Plain,2 oposed platforms,Mixed,Quadrangular
PAP 4'00-4'75,29.4,30.96,<25%,18.43,29.89,,Prismatic,7,18,Plain,2 oposed platforms,Bladelets,Quadrangular
PAP 4'00-4'75,20.47,17.31,0%,17.39,15.88,,Prismatic,6,7,Plain,2 oposed platforms,Bladelets,Circular
PAP 4'00-4'75,32.22,34.12,25-75%,15.63,31.01,,Prismatic,6,21,Plain,2 oposed platforms,Mixed,Irregular
PAP 4'00-4'75,21.88,22.79,25-75%,15.3,20.31,,Prismatic,5,8,Plain,2 oposed platforms,Bladelets,Irregular
PAP 4'00-4'75,20.43,22.53,25-75%,11.76,19.83,,Prismatic,7,7,Plain,2 oposed platforms,Bladelets,Triangular
VALM,30.66,35.7,25-75%,18.25,30.84,,Prismatic,4,20,Plain,2 oposed platforms,Mixed,Triangular
PAP 4'00-4'75,29.64,29.9,25-75%,19.54,25.75,,Prismatic,8,18,Plain,2 oposed platforms,Bladelets,Irregular
PAP 4'00-4'75,19.16,23.49,25-75%,7.82,20.18,,Prismatic,9, ,Plain,2 oposed platforms,Bladelets,Triangular
PAP 4'00-4'75,22.93,25.66,25-75%,18.5,22.03,,Prismatic,4,12,Plain,2 oposed platforms,Bladelets,Triangular
PAP 4'00-4'75,28.1,27.43,25-75%,14.19,23.42,,Prismatic,5,12,Plain,2 oposed platforms,Bladelets,Triangular
AMB IV,31.08,40.98,<25%,14.1,34.54,,Prismatic,5,29,Plain,2 oposed platforms,Mixed,Irregular
PAP 4'00-4'75,30.81,31.33,<25%,17.92,26.4,,Prismatic,6,19,Plain,2 oposed platforms,Mixed,Quadrangular
PAP 4'00-4'75,28.47,30.03,25-75%,17.22,24.27,,Prismatic,9,18,Plain,2 oposed platforms,Bladelets,Circular
PAP 4'00-4'75,25.35,27.04,<25%,13.03,21.54,,Prismatic,5,10,Plain,2 oposed platforms,Bladelets,Quadrangular
PAP 4'00-4'75,14.36,16.12,25-75%,8.56,12.81,,Prismatic,6, ,Plain,2 oposed platforms,Bladelets,Irregular
PAP 4'00-4'75,38.57,39.79,25-75%,20.48,31.36,,Prismatic,6,24,Plain,2 oposed platforms,Blades,Triangular
AMB II,33.83,38.08,<25%,13.69,28.5,,Prismatic,3,18,Plain,2 oposed platforms,Blades,Quadrangular
PAP 4'00-4'75,38.66,37.54,25-75%,29.02,28.06,,Prismatic,5,36,Plain,2 oposed platforms,Blades,Triangular
PAP 4'00-4'75,27.69,26.03,<25%,22.92,19.31,,Prismatic,4,11,Plain,2 oposed platforms,Bladelets,Quadrangular
PAP 4'00-4'75,22.87,26.1,25-75%,12.76,19.22,,Prismatic,6,9,Plain,2 oposed platforms,Bladelets,Quadrangular
PAP 4'00-4'75,24.88,22.81,<25%,16.74,16.58,,Prismatic,5,7,Plain,2 oposed platforms,Bladelets,Triangular
PAP 4'00-4'75,20,20.62,<25%,14.17,14.9,,Prismatic,6, ,Plain,2 oposed platforms,Bladelets,Quadrangular
PAP 4'00-4'75,23.66,25.34,25-75%,14.36,18.01,,Prismatic,4,9,Plain,2 oposed platforms,Bladelets,Triangular
AMB II,53.68,55,25-75%,24.91,38.92,,Prismatic,7,80,Plain,2 oposed platforms,Blades,Irregular
PAP 4'00-4'75,26.99,29.6,<25%,15.1,20.61,,Prismatic,4,10,Plain,2 oposed platforms,Bladelets,Triangular
PAP 4'00-4'75,26.04,29.11,25-75%,15.94,20.18,,Prismatic,6,13,Plain,2 oposed platforms,Bladelets,Quadrangular
PAP 4'00-4'75,22.3,22.55,0%,11.56,15.55,,Prismatic,8,6,Plain,2 oposed platforms,Bladelets,Circular
PAP 4'00-4'75,29.73,35.09,25-75%,16.77,24.15,,Prismatic,7,17,Plain,2 oposed platforms,Mixed,Irregular
PAP 4'00-4'75,30.04,28.01,<25%,16.82,19.11,,Prismatic,6,15,Plain,2 oposed platforms,Bladelets,Irregular
PAP 4'00-4'75,20.03,20.61,25-75%,10.55,13.82,,Prismatic,4, ,Plain,2 oposed platforms,Bladelets,Triangular
PAP 4'00-4'75,30.54,32.15,<25%,9.41,21.46,,Prismatic,6,8,Plain,2 oposed platforms,Bladelets,Irregular
PAP 4'00-4'75,31.93,32.28,<25%,10.4,21.45,,Prismatic,7, ,Plain,2 oposed platforms,Bladelets,Irregular
PAP 4'00-4'75,24.08,25.29,25-75%,13.96,16.75,,Prismatic,4,8,Plain,2 oposed platforms,Bladelets,Irregular
VB C,32.83,40.77,25-75%,17.57,26.7,,Prismatic,5,24,Plain,2 oposed platforms,Mixed,Quadrangular
AMB IV,39.4,55.08,25-75%,30.92,35.57,,Prismatic,5,78,Plain,2 oposed platforms,Blades,Irregular
AMB VI,35.44,39.64,<25%,23.5,25.03,,Prismatic,5,38,Plain,2 oposed platforms,Blades,Irregular
VB A,37.19,41.93,<25%,21.74,26.28,,Prismatic,8,26,Plain,2 oposed platforms,Bladelets,Quadrangular
VALM,44.96,46.04,25-75%,19.91,28.77,,Prismatic,5,21,Plain,2 oposed platforms,Blades,Quadrangular
PAP 4'00-4'75,23.64,26.91,<25%,18.3,16.56,,Prismatic,9,8,Plain,2 oposed platforms,Bladelets,Irregular
PAP 4'00-4'75,34.21,36.32,25-75%,14.45,21.62,,Prismatic,6,13,Plain,2 oposed platforms,Bladelets,Triangular
PAP 4'00-4'75,21.69,23.35,<25%,11.96,13.7,,Prismatic,7,6,Plain,2 oposed platforms,Bladelets,Quadrangular
PAP 4'00-4'75,25.06,28.18,<25%,11.39,16.26,,Prismatic,5,7,Plain,2 oposed platforms,Bladelets,Irregular
PAP 4'00-4'75,22,24.87,0%,16.77,14.11,,Prismatic,6, ,Plain,2 oposed platforms,Bladelets,Quadrangular
PAP 4'00-4'75,51.49,49.64,<25%,27.06,27.5,,Prismatic,4,43,Plain,2 oposed platforms,Blades,Triangular
VALM,25.55,26.69,0%,26.76,14.69,,Prismatic,8,15,Plain,2 oposed platforms,Mixed,Irregular
PAP 4'00-4'75,23.09,21.84,0%,15.64,11.93,,Prismatic,5, ,Plain,2 oposed platforms,Bladelets,Triangular
PAP 4'00-4'75,27.38,27.68,25-75%,26.48,15.05,,Prismatic,5,17,Plain,2 oposed platforms,Bladelets,Triangular
PAP 4'00-4'75,22.57,22.13,<25%,17.55,11.74,,Prismatic,6,7,Plain,2 oposed platforms,Bladelets,Quadrangular
VB C,22.67,36.4,<25%,19.45,18.74,,Prismatic,5,12,Plain,2 oposed platforms,Mixed,Quadrangular
PAP 4'00-4'75,48.31,50.71,25-75%,19.34,26.1,,Prismatic,5,35,Plain,2 oposed platforms,Blades,Quadrangular
PAP 4'00-4'75,31.26,30.32,0%,23.05,15.19,,Prismatic,5,10,Plain,2 oposed platforms,Bladelets,Triangular
PAP 4'00-4'75,23.61,23.5,0%,10.56,11.52,,Prismatic,5, ,Plain,2 oposed platforms,Bladelets,Triangular
PAP 4'00-4'75,22.89,26.59,0%,6.29,12.32,,Prismatic,5, ,Plain,2 oposed platforms,Bladelets,Triangular
PAP 4'00-4'75,28.98,32.5,25-75%,17.4,15,,Prismatic,6,9,Plain,2 oposed platforms,Bladelets,Triangular
PAP 4'00-4'75,27.54,29.89,<25%,9.27,12.06,,Prismatic,7, ,Plain,2 oposed platforms,Bladelets,Quadrangular
AMB IV,29.95,34.8,0%,34.45,41.78,,Prismatic,4,63,Faceted,2 oposed platforms,Flakes,Circular
AMB II,20.51,22.68,0%,23.3,25.99,,Prismatic,6,16,Faceted,2 oposed platforms,Bladelets,Quadrangular
PAP 4'00-4'75,22.78,28.28,25-75%,11.29,24.71,,Prismatic,4,10,Faceted,2 oposed platforms,Mixed,Quadrangular
PAP 4'00-4'75,25.71,23.73,<25%,18.28,20.43,,Prismatic,5,13,Faceted,2 oposed platforms,Bladelets,Quadrangular
AMB IV,38.25,41.35,25-75%,17.49,33.91,,Prismatic,9,31,Faceted,2 oposed platforms,Bladelets,Quadrangular
PAP 4'00-4'75,21.62,24.61,0%,10.43,17.4,,Prismatic,7,7,Faceted,2 oposed platforms,Bladelets,Circular
AMB II,28.52,33.99,25-75%,17.23,21.74,,Prismatic,5,18,Faceted,2 oposed platforms,Bladelets,Circular
PAP 4'00-4'75,36.24,37.18,0%,10.11,15.36,,Prismatic,7,8,Faceted,2 oposed platforms,Mixed,Triangular
PAP 4'00-4'75,25.94,25.58,0%,13.46,22.99,,Prismatic,7,11,Other,2 oposed platforms,Bladelets,Irregular
PAP 4'00-4'75,34.57,35.1,25-75%,15.43,28.67,,Prismatic,4,18,Other,2 oposed platforms,Mixed,Circular
PAP 4'00-4'75,27.57,27.31,<25%,23.11,20,,Prismatic,8,17,Other,2 oposed platforms,Bladelets,Circular
PAP 4'00-4'75,23.91,24.48,<25%,13.71,17.86,,Prismatic,4,6,Other,2 oposed platforms,Bladelets,Irregular
PAP 4'00-4'75,31.14,31.62,25-75%,15.89,22.89,,Prismatic,6,13,Other,2 oposed platforms,Bladelets,Quadrangular
PAP 4'00-4'75,28.83,31.22,0%,11.37,20.64,,Prismatic,5,8,Other,2 oposed platforms,Bladelets,Quadrangular
PAP 4'00-4'75,19.6,20.73,25-75%,10.91,13.16,,Prismatic,5, ,Other,2 oposed platforms,Bladelets,Irregular
PAP 4'00-4'75,23.05,22.26,<25%,15.05,13.98,,Prismatic,4, ,Other,2 oposed platforms,Bladelets,Quadrangular
PAP 5'25-6'25,38.83,40.15,25-75%,14.19,22.49,,Prismatic,4,17,Other,2 oposed platforms,Bladelets,Triangular
VALM,33.39,34.71,25-75%,13.11,23.15,,Bipolar,1,11,Cortical,2 oposed platforms,Flakes,Triangular
VB B,33.23,35.73,<25%,16.73,34.75,,Bipolar,4,24,Dihedral,2 oposed platforms,Mixed,Quadrangular
VB B,18.45,18.45,<25%,6.86,16.61,,Bipolar,4,2,Plain,2 oposed platforms,Bladelets,Quadrangular
VALM,26.44,28.82,<25%,10.16,25.16,,Bipolar,2,8,Plain,2 oposed platforms,Flakes,Quadrangular
PAP 5'25-6'25,24.72,31.89,25-75%,18.65,26.93,,Bipolar,2,10,Plain,2 oposed platforms,Flakes,Quadrangular
PAP 4'00-4'75,15.72,17.95,<25%,11.86,14.43,,Bipolar,4,5,Plain,2 oposed platforms,Bladelets,Quadrangular
VALM,31.26,29.32,25-75%,10.14,23.1,,Bipolar,3,10,Plain,2 oposed platforms,Flakes,Irregular
PAP 4'00-4'75,19.23,20.38,<25%,10.81,12.4,,Bipolar,3, ,Plain,2 oposed platforms,Bladelets,Triangular
VB C,28.05,32.52,0%,22.74,12.66,,Bipolar,3,10,Plain,2 oposed platforms,Bladelets,Irregular
VALM,40.71,43.99,25-75%,13.24,37.6,,Bipolar,2,27,Other,2 oposed platforms,Flakes,Quadrangular
AMB IV,37.61,38.43,25-75%,19.86,21.34,,Bipolar,4,18,Other,2 oposed platforms,Mixed,Quadrangular
PAP 4'00-4'75,25.63,28.5,0%,7.77,14.25,,Bipolar,0, ,Other,2 oposed platforms,Bladelets,Irregular
VALM,17.16,25.18,<25%,17.35,50.04,,Simple,7,21,Plain,2 oposed and 1 isolated platforms,Flakes,Irregular
VALM,46.99,48.36,25-75%,26.85,50.63,,Simple,5,89,Plain,2 oposed and 1 isolated platforms,Flakes,Irregular
VALM,39.75,37.97,<25%,11.4,31.61,,Simple,6,17,Plain,2 oposed and 1 isolated platforms,Mixed,Irregular
PAP 4'00-4'75,23.17,24.56,>75%,23,16.16,,Simple,4,16,Faceted,2 oposed and 1 isolated platforms,Bladelets,Quadrangular
VB A,17.55,23.27,25-75%,13.84,36.15,,Prismatic,3,15,Cortical,2 oposed and 1 isolated platforms,Flakes,Quadrangular
VB B,34.28,38.97,<25%,15.3,38.83,,Prismatic,3,25,Plain,2 oposed and 1 isolated platforms,Mixed,Quadrangular
PAP 4'00-4'75,17.31,16.91,<25%,11.92,14.35,,Prismatic,7, ,Plain,2 oposed and 1 isolated platforms,Bladelets,Quadrangular
PAP 4'00-4'75,32.86,34.92,25-75%,18.03,21.58,,Prismatic,4,23,Plain,2 oposed and 1 isolated platforms,Mixed,Quadrangular
PAP 4'00-4'75,34.45,34.25,0%,28.12,16.54,,Prismatic,8,23,Plain,2 oposed and 1 isolated platforms,Mixed,Quadrangular
AMB IV,33.42,38.12,<25%,19.02,29.09,,Prismatic,10,31,Faceted,2 oposed and 1 isolated platforms,Bladelets,Quadrangular
VB C,24.77,27.7,<25%,24.16,31.26,,Simple,4,32,Plain,2 crossed platforms,Mixed,Quadrangular
VALM,24.71,38.15,25-75%,22.2,33.96,,Simple,4,27,Plain,2 crossed platforms,Flakes,Irregular
PAP 5'25-6'25,25.07,30.73,25-75%,22.4,17.02,,Simple,2,16,Plain,2 crossed platforms,Bladelets,Quadrangular
VALM,18.41,26.71,0%,11.98,43.62,,Simple,5,16,Plain,Multiple platforms,Mixed,Quadrangular
AMB VI,32.46,32.45,<25%,27.54,37.87,,Simple,4,52,Plain,Multiple platforms,Flakes,Quadrangular
VALM,12.46,25.22,<25%,11.13,28.46,,Simple,6,9,Plain,Multiple platforms,Flakes,Quadrangular
VALM,17.22,25.3,0%,17.82,35.7,,Prismatic,9,19,Plain,Multiple platforms,Mixed,Quadrangular
PAP 4'00-4'75,36.28,31.61,<25%,23.66,39.16,,Prismatic,9,41,Plain,Multiple platforms,Mixed,Quadrangular
AMB II,39.95,51.68,<25%,23.03,46.48,,Prismatic,13,59,Plain,Multiple platforms,Blades,Irregular
AMB VI,17.07,24.39,<25%,24.71,42.58,,Informe,4,32,Plain,Multiple platforms,Flakes,Quadrangular
PAP 4'00-4'75,16.15,21.29,>75%,19.42,27.82,,Informe,1,17,Plain,Multiple platforms,Flakes,Irregular
VALM,18.49,25.56,0%,21.09,31.55,,Informe,0,16,Plain,Multiple platforms,Mixed,Quadrangular
VB C,20.47,23.83,<25%,28.43,27.55,,Informe,4,28,Plain,Multiple platforms,Mixed,Irregular
VALM,11.14,29.6,25-75%,13.62,33.04,,Informe,12,15,Plain,Multiple platforms,Mixed,Irregular
VB C,27.72,35.66,<25%,17.79,26.23,,Informe,3,14,Plain,Multiple platforms,Mixed,Irregular
PAP 4'75-5'25,24.6,26.79,0%,25.31,19.05,,Informe,3,14,Plain,Multiple platforms,Mixed,Irregular
PAP 5'25-6'25,25.29,29.47,0%,14.48,19.9,,Informe,3,12,Plain,Multiple platforms,Flakes,Quadrangular
VB A,20.78,34.89,25-75%,8.57,16.35,,Informe,6,4,Plain,Multiple platforms,Mixed,Irregular
AMB II,23.71,26.79,25-75%,20.74,30.35,,Informe,5,18,Faceted,Multiple platforms,Mixed,Quadrangular
AMB VI,36.2,43.07,25-75%,19.6,20.26,,Informe,2,31,Faceted,Multiple platforms,Flakes,Irregular
AMB IV,41.99,48.29,<25%,27.98,52.01,,Informe,7,64,Other,Multiple platforms,Mixed,Irregular
VALM,31.77,46.87,25-75%,25.31,41.42,,Informe,3, ,Other,Multiple platforms,Flakes,Quadrangular
VB C,23.44,26.24,25-75%,19.1,17.42,,Informe,5,10,Other,Multiple platforms,Mixed,Irregular
VB A,30.92,51.33,0%,13.58,45.45,,Discoidal,4,36,Plain,Multiple platforms,Flakes,Circular
VALM,30.23,48.84,25-75%,20.53,43.21,,Discoidal,6,42,Plain,Multiple platforms,Flakes,Circular
VALM,24.22,57.74,<25%,24.41,49.42,,Discoidal,5,71,Plain,Multiple platforms,Flakes,Circular
VB A,22.52,48.53,<25%,48.67,56.05,,Globe,5,136,Plain,Multiple platforms,Flakes,Circular
PAP 4'00-4'75,16.77,38.53,0%,12.3,26.63,,Discoidal,4,17,Faceted,Multiple platforms,Flakes,Irregular
VALM,18.45,52.02,25-75%,18.88,49.28,,Discoidal,7,48,Other,Multiple platforms,Flakes,Circular
